﻿[{"deviceid":"1ca0bb7031f440648da13f578dab362d","areaid":"root000000","ipaddress":"192.168.0.27","port":"8080","locationdescription":null,"status":"Active","createdAt":"2025-08-18T10:10:13","updatedAt":"2025-08-26T10:18:51","device_name":"test","device_type":"海康摄像头","coordinatesJson":"{\"x\":406.0,\"y\":500.99,\"z\":0,\"unit\":\"meters\"}","coordinates":{"x":406.0,"y":500.99,"z":0,"unit":"meters"},"order_time":"2025-08-20T02:10:13","service_time":"2026-08-20T02:10:13","installation_time":"2023-08-20T02:10:13","is_important":"否","rtsp_url":null,"device_video_id":"172ffb8558a3478e88a89e70fc0b458b"},{"deviceid":"25afab38888a44dea7ed1e4c5b9a0dfa","areaid":"29a076e9-5041-4824-a1fe-a1e7d6f582d2","ipaddress":"192.168.0.70","port":"8000","locationdescription":null,"status":"Active","createdAt":"2025-08-18T10:10:13","updatedAt":"2025-08-18T10:10:13","device_name":"测试摄像头70","device_type":"海康摄像头","coordinatesJson":"{\"x\":0,\"y\":0,\"z\":0,\"unit\":\"meters\"}","coordinates":{"x":0,"y":0,"z":0,"unit":"meters"},"order_time":"2025-08-19T02:10:13","service_time":"2026-08-19T02:10:13","installation_time":"2023-08-19T02:10:13","is_important":"否","rtsp_url":null,"device_video_id":"147ff8ddd880456bb2c308d4cc12daa6"},{"deviceid":"5ac75527d1e347be91d07878a60be2c8","areaid":"root000000","ipaddress":"192.168.0.32","port":"8080","locationdescription":null,"status":"Active","createdAt":"2025-08-18T10:10:13","updatedAt":"2025-08-18T10:10:13","device_name":"ai","device_type":"海康摄像头","coordinatesJson":"{\"x\":0,\"y\":0,\"z\":0,\"unit\":\"meters\"}","coordinates":{"x":0,"y":0,"z":0,"unit":"meters"},"order_time":"2025-08-19T02:10:13","service_time":"2026-08-19T02:10:13","installation_time":"2023-08-19T02:10:13","is_important":"否","rtsp_url":null,"device_video_id":"a1d969b90c2f4c3b9ae6705f89be3880"},{"deviceid":"6d6a8a7792634c9ea6131b8f0391d93a","areaid":"dbb4f1b8-ebb7-4fca-b7be-15d617997ef3","ipaddress":"192.168.0.64","port":"8000","locationdescription":null,"status":"Active","createdAt":"2025-08-18T10:10:13","updatedAt":"2025-08-26T16:17:09","device_name":"测试64","device_type":"海康摄像头","coordinatesJson":"{\"x\":0,\"y\":0,\"z\":0,\"unit\":\"meters\"}","coordinates":{"x":0,"y":0,"z":0,"unit":"meters"},"order_time":"2025-08-19T02:10:13","service_time":"2026-08-19T02:10:13","installation_time":"2023-08-19T02:10:13","is_important":"是","rtsp_url":"","device_video_id":"a03dae577e1b46c090ebf15495c03af3"},{"deviceid":"8182dc32123e42dfbdcaea7d6a3504ec","areaid":"dbb4f1b8-ebb7-4fca-b7be-15d617997ef3","ipaddress":"192.168.0.165","port":"8000","locationdescription":null,"status":"Active","createdAt":"2025-08-18T10:10:13","updatedAt":"2025-08-26T13:55:12","device_name":"门禁165","device_type":"门禁","coordinatesJson":"{\"x\":340.0,\"y\":401.99,\"z\":0,\"unit\":\"meters\"}","coordinates":{"x":340.0,"y":401.99,"z":0,"unit":"meters"},"order_time":"2025-08-19T02:10:13","service_time":"2026-08-19T02:10:13","installation_time":"2023-08-19T02:10:13","is_important":"否","rtsp_url":null,"device_video_id":null},{"deviceid":"8f283fe3ca6947fdaba16db6ef3a7914","areaid":"root000000","ipaddress":"192.168.0.164","port":"8000","locationdescription":null,"status":"Active","createdAt":"2025-08-18T10:10:13","updatedAt":"2025-08-26T13:55:03","device_name":"测试门禁164","device_type":"门禁","coordinatesJson":"{\"x\":419.0,\"y\":539.99,\"z\":0,\"unit\":\"meters\"}","coordinates":{"x":419.0,"y":539.99,"z":0,"unit":"meters"},"order_time":"2025-08-19T02:10:13","service_time":"2026-08-19T02:10:13","installation_time":"2023-08-19T02:10:13","is_important":"否","rtsp_url":null,"device_video_id":null},{"deviceid":"9675281a35b24923873c5dc20ad32d49","areaid":"root000000","ipaddress":"192.168.0.33","port":"8080","locationdescription":null,"status":"Active","createdAt":"2025-08-18T10:10:13","updatedAt":"2025-08-19T17:46:21","device_name":"kk","device_type":"海康摄像头","coordinatesJson":"{\"x\":419.5,\"y\":406.5,\"z\":0,\"unit\":\"meters\"}","coordinates":{"x":419.5,"y":406.5,"z":0,"unit":"meters"},"order_time":"2025-08-19T18:10:13","service_time":"2026-08-19T18:10:13","installation_time":"2023-08-19T18:10:13","is_important":"否","rtsp_url":null,"device_video_id":"58cc42aa068e4dbb8861d72b02c92e18"}]