﻿[{"deviceid":"8182dc32123e42dfbdcaea7d6a3504ec","areaid":"dbb4f1b8-ebb7-4fca-b7be-15d617997ef3","ipaddress":"192.168.0.165","port":"8000","locationdescription":"null","status":"Active","createdAt":"2025-08-18T10:10:13","updatedAt":"2025-08-26T13:55:12","device_name":"门禁165","device_type":"门禁","coordinatesJson":"{\"x\":340.0,\"y\":401.99,\"z\":0,\"unit\":\"meters\"}","coordinates":"","order_time":"2025-08-19T02:10:13","service_time":"2026-08-19T02:10:13","installation_time":"2023-08-19T02:10:13","is_important":"否","rtsp_url":"null","device_video_id":"null"},{"deviceid":"8f283fe3ca6947fdaba16db6ef3a7914","areaid":"root000000","ipaddress":"192.168.0.164","port":"8000","locationdescription":"null","status":"Active","createdAt":"2025-08-18T10:10:13","updatedAt":"2025-08-26T13:55:03","device_name":"测试门禁164","device_type":"门禁","coordinatesJson":"{\"x\":419.0,\"y\":539.99,\"z\":0,\"unit\":\"meters\"}","coordinates":"","order_time":"2025-08-19T02:10:13","service_time":"2026-08-19T02:10:13","installation_time":"2023-08-19T02:10:13","is_important":"否","rtsp_url":"null","device_video_id":"null"}]