﻿[{"employeeId":"10001","name":"张一","gender":"男","card_id":"CARD001","department":"技术部","phone":"17711287853","position":"工程师","id_number":"523814199708162123","status":"在职","type":"内部职工","remarks":"示例数据","permission":"101-1","permissionStartDate":"2025-06-02T08:00:00","permissionEndDate":"2025-06-12T08:00:00","createDate":"2025-05-30T14:59:01","updateDate":"2025-08-08T08:55:30","permission_type":"1","personPhoto":null},{"employeeId":"10002","name":"张七","gender":"男","card_id":"CARD003","department":"技术部","phone":"17711287853","position":"工程师","id_number":"523814199708162123","status":"在职","type":"内部职工","remarks":"示例数据","permission":"101-1,101-2,101-3","permissionStartDate":"2025-06-02T06:53:00","permissionEndDate":"2025-06-26T08:00:00","createDate":"2025-05-30T14:59:01","updateDate":"2025-08-07T18:10:53","permission_type":"1","personPhoto":null},{"employeeId":"10003","name":"张六","gender":"男","card_id":"CARD003","department":"技术部","phone":"17711287854","position":"工程师","id_number":"523814199708162123","status":"在职","type":"内部职工","remarks":"示例数据","permission":"101-1,101-2,101-3","permissionStartDate":"2025-06-01T08:00:00","permissionEndDate":"2025-06-01T08:00:00","createDate":"2025-05-30T14:59:01","updateDate":"2025-08-07T18:09:32","permission_type":"1","personPhoto":null},{"employeeId":"10006","name":"张四","gender":"男","card_id":"CARD001","department":"技术部","phone":"17711287854","position":"工程师","id_number":"523814199708162124","status":"在职","type":"内部职工","remarks":"示例数据","permission":"101-1","permissionStartDate":null,"permissionEndDate":null,"createDate":"2025-06-11T16:05:27","updateDate":"2025-08-14T16:46:16","permission_type":"type_2","personPhoto":null},{"employeeId":"10007","name":"张四","gender":"男","card_id":"CARD007","department":"技术部","phone":"17711287854","position":"工程师","id_number":"523814199708162127","status":"在职","type":"内部职工","remarks":"示例数据","permission":"101-3","permissionStartDate":null,"permissionEndDate":null,"createDate":"2025-06-11T16:22:32","updateDate":"2025-08-14T16:42:05","permission_type":"type_2","personPhoto":null},{"employeeId":"1111","name":"小杨","gender":"男","card_id":"CARD002","department":"开发部","phone":"17711253456","position":"开发","id_number":"513823189708152311","status":"在职","type":"内部职工","remarks":"测试","permission":"102大楼","permissionStartDate":"2025-05-06T09:00:00","permissionEndDate":"2025-05-06T12:00:00","createDate":"2025-05-06T18:11:47","updateDate":"2025-08-14T17:52:09","permission_type":"type_1","personPhoto":null},{"employeeId":"12","name":"小张","gender":"男","card_id":"1234567","department":"管理","phone":"17711242312","position":"管理","id_number":"513823199808172511","status":"在职","type":"内部职工","remarks":"","permission":"101-3","permissionStartDate":"2025-05-15T09:00:00","permissionEndDate":"2025-05-15T12:00:00","createDate":"2025-05-15T17:39:08","updateDate":"2025-08-14T17:52:32","permission_type":"type_3","personPhoto":null},{"employeeId":"1234","name":"张三","gender":"男","card_id":"25","department":"开发部","phone":"13698765554","position":"开发工程师","id_number":"513823189706133512","status":"在职","type":"内部职工","remarks":"测试","permission":"101-3","permissionStartDate":"2025-04-23T14:00:00","permissionEndDate":"2025-04-23T16:27:21","createDate":"2025-04-11T10:07:34","updateDate":"2025-08-14T17:52:40","permission_type":"type_1","personPhoto":null},{"employeeId":"14","name":"小元","gender":"男","card_id":"51822","department":"测试","phone":"17711267854","position":"测试","id_number":"513823199708192522","status":"在职","type":"外协","remarks":"","permission":"C","permissionStartDate":"2025-05-21T00:00:00","permissionEndDate":"2025-05-31T00:00:00","createDate":"2025-05-15T17:42:19","updateDate":"2025-08-14T16:41:51","permission_type":"type_3","personPhoto":null},{"employeeId":"231","name":"小红","gender":"女","card_id":"24","department":"财务","phone":"13345678906","position":"财务","id_number":"513823199706133511","status":"在职","type":"内部职工","remarks":"财务人员","permission":"101-1","permissionStartDate":"2025-04-09T16:00:00","permissionEndDate":"2025-04-29T16:00:00","createDate":"2025-04-12T01:45:11","updateDate":"2025-08-14T16:46:05","permission_type":"type_1","personPhoto":null},{"employeeId":"2b98a369c1b942d198d7d30976d8b592","name":"yq","gender":"男","card_id":"1312346","department":"开发部","phone":"13315762421","position":"开发","id_number":"510921199806104814","status":"在职","type":"内部职工","remarks":"Imported from Haikang. Server Index Code: ","permission":"101-2,102大楼","permissionStartDate":null,"permissionEndDate":null,"createDate":"2025-08-01T13:17:47","updateDate":"2025-08-19T17:25:41","permission_type":"1","personPhoto":"[{\"serverIndexCode\":\"ee419b25-9685-4dfb-891b-196622efaeca\",\"personPhotoIndexCode\":\"67d42234-bdb8-4a7d-8492-490a6590ca99\",\"picUri\":\"/pic?0d7200=6960ip-1fo671-29=750f-dd4c410bc*494==sp***151==2t5778388641=5l5*1*321970o9*a163od-5cl108b=001\"}]"},{"employeeId":"4a58d50f7821498792487d91a80cf9e6","name":"黄泽","gender":"男","card_id":"123321","department":"开发","phone":"17711286742","position":"开发","id_number":"513823199808162431","status":"在职","type":"内部职工","remarks":"Imported from Haikang. Server Index Code: ","permission":"101-2,101-3","permissionStartDate":null,"permissionEndDate":null,"createDate":"2025-08-13T13:37:05","updateDate":"2025-08-13T13:37:33","permission_type":"1","personPhoto":"[{\"serverIndexCode\":\"ee419b25-9685-4dfb-891b-196622efaeca\",\"personPhotoIndexCode\":\"8fdbd367-fbcf-48d2-a909-80ae6989dd0f\",\"picUri\":\"/pic?0d7200=6960ip-1fo4*1-7=4=5286*9l0364510167*5tp===112**=s294*cb014c4dd-f047702o*a166od-5cl108b=001\"}]"},{"employeeId":"5671","name":"王二","gender":"男","card_id":"27","department":"研发","phone":"13788905432","position":"研发","id_number":"513823199704133511","status":"在职","type":"内部职工","remarks":"测试","permission":"101-1,101-2,101-3,102大楼","permissionStartDate":"2025-04-13T00:00:00","permissionEndDate":"2025-04-30T00:00:00","createDate":"2025-04-12T00:58:24","updateDate":"2025-08-12T18:58:25","permission_type":"1","personPhoto":null},{"employeeId":"8dd4fb09179b4169ac9019a907eedd13","name":"徐颖杰","gender":"男","card_id":"010","department":"开发","phone":"13696265640","position":"开发","id_number":"510703199411050714","status":"在职","type":"内部职工","remarks":"Imported from Haikang. Server Index Code: ","permission":"101-1,101-3","permissionStartDate":null,"permissionEndDate":null,"createDate":"2025-08-01T13:17:47","updateDate":"2025-08-13T09:15:54","permission_type":"1","personPhoto":"null"},{"employeeId":"aca4a8d818444ca9a2e345f7e67f8e4c","name":"杨琦","gender":"男","card_id":"007","department":"测试","phone":"18969946133","position":"测试","id_number":"510921199806104813","status":"在职","type":"内部职工","remarks":"Imported from Haikang. Server Index Code: ","permission":"102大楼","permissionStartDate":null,"permissionEndDate":null,"createDate":"2025-08-01T13:17:47","updateDate":"2025-08-13T09:16:10","permission_type":"1","personPhoto":"[{\"serverIndexCode\":\"ee419b25-9685-4dfb-891b-196622efaeca\",\"personPhotoIndexCode\":\"ad01f03c-cade-4c33-84e2-e4450eb230cb\",\"picUri\":\"/pic?0d7200=6960ip-1fo4*1-7=8=5301*7l4894449167*5tp===113**=s198*cb014c4dd-f047702o*a166od-5cl108b=001\"}]"},{"employeeId":"e0011e31c11c4412b4b2278d888dd214","name":"张孝刚","gender":"男","card_id":"123456","department":"开发","phone":"15323726252","position":"开发","id_number":"510105198112101791","status":"在职","type":"内部职工","remarks":"Imported from Haikang. Server Index Code: ","permission":"101-1,101-3","permissionStartDate":null,"permissionEndDate":null,"createDate":"2025-08-01T13:17:47","updateDate":"2025-08-13T09:16:26","permission_type":"1","personPhoto":"[{\"serverIndexCode\":\"ee419b25-9685-4dfb-891b-196622efaeca\",\"personPhotoIndexCode\":\"e64eb68b-1c0e-4d70-91ca-94cf51be3907\",\"picUri\":\"/pic?0d7200=6960ip-1fo291-*0o854=0844*7l1770258187*5tp===414**bs=449d*cf017c42d-a0=370-5*l168od05c11=00b\"}]"},{"employeeId":"ec4bd8898b874a53b12d6421871f3caa","name":"测试","gender":"男","card_id":"006","department":"测试","phone":"17711287954","position":"测试","id_number":"511922198912202068","status":"在职","type":"内部职工","remarks":"Imported from Haikang. Server Index Code: ","permission":"101-2","permissionStartDate":null,"permissionEndDate":null,"createDate":"2025-08-05T18:05:49","updateDate":"2025-08-13T09:16:44","permission_type":"1","personPhoto":"[{\"serverIndexCode\":\"ee419b25-9685-4dfb-891b-196622efaeca\",\"personPhotoIndexCode\":\"b78be27c-0f88-4aeb-a147-12d599ed7003\",\"picUri\":\"/pic?1d00=b801lc5-do761a*32077=0f-dd4c410bc**911===spt**7313=1854461*8348=9l1o3*-2665f13pi169o=0-270060\"}]"}]